title,company,location,date,link
Front-End Developer,Spiralyze,"Karāchi, Sindh, Pakistan",1 week ago,https://www.linkedin.comhttps://pk.linkedin.com/jobs/view/front-end-developer-at-spiralyze-4231383446?position=1&pageNum=0&refId=v0ZNzHWQrmNcSjQ%2FCVARuw%3D%3D&trackingId=HrZizD5V0KfjduqEKn6Ztw%3D%3D
Front-end Developer in Karachi | Webnet Pakistan,Webnet Pakistan Pvt Ltd,"Karāchi, Sindh, Pakistan",2 months ago,https://www.linkedin.comhttps://pk.linkedin.com/jobs/view/front-end-developer-in-karachi-webnet-pakistan-at-webnet-pakistan-pvt-ltd-4209632994?position=2&pageNum=0&refId=v0ZNzHWQrmNcSjQ%2FCVARuw%3D%3D&trackingId=AwivRt%2F6wHfVRdTYATWYAQ%3D%3D
Junior/Mid Level Backend Developer,Esevel,"Karāchi, Sindh, Pakistan",1 year ago,https://www.linkedin.comhttps://pk.linkedin.com/jobs/view/junior-mid-level-backend-developer-at-esevel-3917040092?position=3&pageNum=0&refId=v0ZNzHWQrmNcSjQ%2FCVARuw%3D%3D&trackingId=eursXNbFs1XthL2X0d%2Fmkw%3D%3D
Front-End Developer,Spiralyze,"Lahore, Punjab, Pakistan",3 weeks ago,https://www.linkedin.comhttps://pk.linkedin.com/jobs/view/front-end-developer-at-spiralyze-4223951591?position=4&pageNum=0&refId=v0ZNzHWQrmNcSjQ%2FCVARuw%3D%3D&trackingId=cIjf1DtG4muYxzFRsCzM%2Fw%3D%3D
Associate Software Engineer - Open Stack,Devsinc,"Lahore, Punjab, Pakistan",4 weeks ago,https://www.linkedin.comhttps://pk.linkedin.com/jobs/view/associate-software-engineer-open-stack-at-devsinc-4228906471?position=5&pageNum=0&refId=v0ZNzHWQrmNcSjQ%2FCVARuw%3D%3D&trackingId=JepoPtiZY2c2BbHqZuBK1A%3D%3D
Associate Software Engineer,Dubizzle Labs,"Lahore, Punjab, Pakistan",1 week ago,https://www.linkedin.comhttps://pk.linkedin.com/jobs/view/associate-software-engineer-at-dubizzle-labs-4161098980?position=6&pageNum=0&refId=v0ZNzHWQrmNcSjQ%2FCVARuw%3D%3D&trackingId=6Y5JH%2Fb6yEjOhgN520BS0A%3D%3D
Associate Software Engineer- Unity,Devsinc,"Lahore, Punjab, Pakistan",1 month ago,https://www.linkedin.comhttps://pk.linkedin.com/jobs/view/associate-software-engineer-unity-at-devsinc-4225515121?position=7&pageNum=0&refId=v0ZNzHWQrmNcSjQ%2FCVARuw%3D%3D&trackingId=Ln00yTyK2NqusLebFGmr8g%3D%3D
Front-end Developer,ibex,"Karāchi, Sindh, Pakistan",2 days ago,https://www.linkedin.comhttps://pk.linkedin.com/jobs/view/front-end-developer-at-ibex-4233294655?position=8&pageNum=0&refId=v0ZNzHWQrmNcSjQ%2FCVARuw%3D%3D&trackingId=I%2FcWfY7ZZO3iBnxfovCwUw%3D%3D
Software Engineer - Fresh - 2024/25,Arkhitech,"Islamabad, Islāmābād, Pakistan",2 months ago,https://www.linkedin.comhttps://pk.linkedin.com/jobs/view/software-engineer-fresh-2024-25-at-arkhitech-4174197865?position=9&pageNum=0&refId=v0ZNzHWQrmNcSjQ%2FCVARuw%3D%3D&trackingId=23WdQIFLLK48jFazIwC8UQ%3D%3D
Software Engineer- MERN,Devsinc,"Islamabad, Islāmābād, Pakistan",1 month ago,https://www.linkedin.comhttps://pk.linkedin.com/jobs/view/software-engineer-mern-at-devsinc-4225510732?position=10&pageNum=0&refId=v0ZNzHWQrmNcSjQ%2FCVARuw%3D%3D&trackingId=m1H8d4p12icGY1lvO%2FB7eg%3D%3D
Software Engineer - Fresh - 2024/25,Arkhitech,"Lahore, Punjab, Pakistan",2 months ago,https://www.linkedin.comhttps://pk.linkedin.com/jobs/view/software-engineer-fresh-2024-25-at-arkhitech-4174195910?position=11&pageNum=0&refId=v0ZNzHWQrmNcSjQ%2FCVARuw%3D%3D&trackingId=LrsIt5I%2FWP6pJnkmp9WfmQ%3D%3D
Software Engineer- NodeJs,Devsinc,"Lahore, Punjab, Pakistan",1 month ago,https://www.linkedin.comhttps://pk.linkedin.com/jobs/view/software-engineer-nodejs-at-devsinc-4225515068?position=12&pageNum=0&refId=v0ZNzHWQrmNcSjQ%2FCVARuw%3D%3D&trackingId=qb%2Bh2j9iNT1ZV1%2FPctUx7g%3D%3D
Junior Frontend Developer,Convo,"Islamabad, Islāmābād, Pakistan",3 days ago,https://www.linkedin.comhttps://pk.linkedin.com/jobs/view/junior-frontend-developer-at-convo-4234213961?position=13&pageNum=0&refId=v0ZNzHWQrmNcSjQ%2FCVARuw%3D%3D&trackingId=YawWIWmxKwoAx2JSXjSYMA%3D%3D
Software Engineer - Backend,Motive,Pakistan,1 week ago,https://www.linkedin.comhttps://pk.linkedin.com/jobs/view/software-engineer-backend-at-motive-3771699267?position=14&pageNum=0&refId=v0ZNzHWQrmNcSjQ%2FCVARuw%3D%3D&trackingId=UQO6YOaXXRbW2Ggm9hR5uQ%3D%3D
Associate Software Engineer - PHP Laravel,Devsinc,"Lahore, Punjab, Pakistan",1 week ago,https://www.linkedin.comhttps://pk.linkedin.com/jobs/view/associate-software-engineer-php-laravel-at-devsinc-4228296518?position=15&pageNum=0&refId=v0ZNzHWQrmNcSjQ%2FCVARuw%3D%3D&trackingId=i%2Fggats8AHtlNlSTfO6Aag%3D%3D
Software Engineer - Laravel,Dubizzle Labs,"Lahore, Punjab, Pakistan",6 days ago,https://www.linkedin.comhttps://pk.linkedin.com/jobs/view/software-engineer-laravel-at-dubizzle-labs-4161099904?position=16&pageNum=0&refId=v0ZNzHWQrmNcSjQ%2FCVARuw%3D%3D&trackingId=d%2Bh0h3YC1m%2FjknCebhveag%3D%3D
Software Engineer - Node JS,Dubizzle Labs,"Lahore, Punjab, Pakistan",4 days ago,https://www.linkedin.comhttps://pk.linkedin.com/jobs/view/software-engineer-node-js-at-dubizzle-labs-4183350921?position=17&pageNum=0&refId=v0ZNzHWQrmNcSjQ%2FCVARuw%3D%3D&trackingId=tThs2EEQRkrJve2poyRlww%3D%3D
MERN Stack Developer,Devsinc,"Lahore, Punjab, Pakistan",2 weeks ago,https://www.linkedin.comhttps://pk.linkedin.com/jobs/view/mern-stack-developer-at-devsinc-4224378171?position=18&pageNum=0&refId=v0ZNzHWQrmNcSjQ%2FCVARuw%3D%3D&trackingId=lG38uIc2ZGsMHYXTG9gzSw%3D%3D
Associate Software Engineer- Python,Devsinc,"Islamabad, Islāmābād, Pakistan",1 month ago,https://www.linkedin.comhttps://pk.linkedin.com/jobs/view/associate-software-engineer-python-at-devsinc-4224348987?position=19&pageNum=0&refId=v0ZNzHWQrmNcSjQ%2FCVARuw%3D%3D&trackingId=6iPR3eFilb1IQPt351mQbg%3D%3D
Associate Software Engineer - MERN,Devsinc,"Islamabad, Islāmābād, Pakistan",1 month ago,https://www.linkedin.comhttps://pk.linkedin.com/jobs/view/associate-software-engineer-mern-at-devsinc-4225509741?position=20&pageNum=0&refId=v0ZNzHWQrmNcSjQ%2FCVARuw%3D%3D&trackingId=dRCd5SEs1E7ciUHtDQ0Jrw%3D%3D
"Front-End Developer (React.js) - 0519 - Islamabad, Pakistan",Bionic Talent,"Islamabad, Islāmābād, Pakistan",1 week ago,https://www.linkedin.comhttps://pk.linkedin.com/jobs/view/front-end-developer-react-js-0519-islamabad-pakistan-at-bionic-talent-4229588208?position=21&pageNum=0&refId=v0ZNzHWQrmNcSjQ%2FCVARuw%3D%3D&trackingId=WDslexRYpsmVsvPoZH3Oyw%3D%3D
Associate Software Engineer- MERN,Devsinc,"Islamabad, Islāmābād, Pakistan",3 weeks ago,https://www.linkedin.comhttps://pk.linkedin.com/jobs/view/associate-software-engineer-mern-at-devsinc-4225515128?position=22&pageNum=0&refId=v0ZNzHWQrmNcSjQ%2FCVARuw%3D%3D&trackingId=fuugqRsMmfYPQn4b9fggdA%3D%3D
"Fullstack Developer (Onsite, Lahore, PKR Salary)",HR POD Careers,"Lahore, Punjab, Pakistan",2 months ago,https://www.linkedin.comhttps://pk.linkedin.com/jobs/view/fullstack-developer-onsite-lahore-pkr-salary-at-hr-pod-careers-4177831815?position=23&pageNum=0&refId=v0ZNzHWQrmNcSjQ%2FCVARuw%3D%3D&trackingId=3YA58eYjzi%2FXk%2B78UM5JvA%3D%3D
Full Stack Web Developer,S&P Global,"Islamabad, Islāmābād, Pakistan",1 week ago,https://www.linkedin.comhttps://pk.linkedin.com/jobs/view/full-stack-web-developer-at-s-p-global-4225840623?position=24&pageNum=0&refId=v0ZNzHWQrmNcSjQ%2FCVARuw%3D%3D&trackingId=AkgP4Fk4jugSZ%2Bm42MdEKA%3D%3D
"Front-End Developer (React.js) - 0519 - Karachi, Pakistan",Bionic Talent,"Karāchi, Sindh, Pakistan",1 week ago,https://www.linkedin.comhttps://pk.linkedin.com/jobs/view/front-end-developer-react-js-0519-karachi-pakistan-at-bionic-talent-4229586336?position=25&pageNum=0&refId=v0ZNzHWQrmNcSjQ%2FCVARuw%3D%3D&trackingId=3wx4UVYjTYtFfGv1OlktCA%3D%3D
Associate Software Engineer- Python/ React,Devsinc,"Lahore, Punjab, Pakistan",1 month ago,https://www.linkedin.comhttps://pk.linkedin.com/jobs/view/associate-software-engineer-python-react-at-devsinc-4225198768?position=26&pageNum=0&refId=v0ZNzHWQrmNcSjQ%2FCVARuw%3D%3D&trackingId=qjQFsWSeWQhrktVWxmhUeA%3D%3D
Software Engineer,hashpotato,"Karachi Division, Sindh, Pakistan",3 months ago,https://www.linkedin.comhttps://pk.linkedin.com/jobs/view/software-engineer-at-hashpotato-4152811509?position=27&pageNum=0&refId=v0ZNzHWQrmNcSjQ%2FCVARuw%3D%3D&trackingId=lgTbKWU84qmwwIHBKAGfNg%3D%3D
Back-End API Developer,Frontline Data Solutions,Pakistan,2 weeks ago,https://www.linkedin.comhttps://pk.linkedin.com/jobs/view/back-end-api-developer-at-frontline-data-solutions-4224310382?position=28&pageNum=0&refId=v0ZNzHWQrmNcSjQ%2FCVARuw%3D%3D&trackingId=iikpOk%2BYTTWTRzC8Yguhgg%3D%3D
Application Developer,Crescent Steel and Allied Products Limited,"Karāchi, Sindh, Pakistan",2 months ago,https://www.linkedin.comhttps://pk.linkedin.com/jobs/view/application-developer-at-crescent-steel-and-allied-products-limited-4185911350?position=29&pageNum=0&refId=v0ZNzHWQrmNcSjQ%2FCVARuw%3D%3D&trackingId=zgj92T0BdWy21wOBcu0mjA%3D%3D
Intermediate Full-Stack Software Developer,LetHub,"Karāchi, Sindh, Pakistan",5 months ago,https://www.linkedin.comhttps://pk.linkedin.com/jobs/view/intermediate-full-stack-software-developer-at-lethub-4118869500?position=30&pageNum=0&refId=v0ZNzHWQrmNcSjQ%2FCVARuw%3D%3D&trackingId=I5Kuy7Wf2peJp%2FN%2FV3y3bA%3D%3D
Full Stack Developer,PakWheels.com,"Lahore, Punjab, Pakistan",7 months ago,https://www.linkedin.comhttps://pk.linkedin.com/jobs/view/full-stack-developer-at-pakwheels-com-4045499280?position=31&pageNum=0&refId=v0ZNzHWQrmNcSjQ%2FCVARuw%3D%3D&trackingId=fg%2F7p2kAJuNrqrARGXMQ8Q%3D%3D
Unity Game Developer,Devsinc,"Lahore, Punjab, Pakistan",4 days ago,https://www.linkedin.comhttps://pk.linkedin.com/jobs/view/unity-game-developer-at-devsinc-4233372244?position=32&pageNum=0&refId=v0ZNzHWQrmNcSjQ%2FCVARuw%3D%3D&trackingId=MtaCL23fsJrG8h1Nfm7dXQ%3D%3D
"Engineer, Application Development",S&P Global,"Islamabad, Islāmābād, Pakistan",1 day ago,https://www.linkedin.comhttps://pk.linkedin.com/jobs/view/engineer-application-development-at-s-p-global-4164117051?position=33&pageNum=0&refId=v0ZNzHWQrmNcSjQ%2FCVARuw%3D%3D&trackingId=bxCDYUf0w1tpZhqJGeD%2FIQ%3D%3D
Software Developer,Contour Software,"Karāchi, Sindh, Pakistan",2 months ago,https://www.linkedin.comhttps://pk.linkedin.com/jobs/view/software-developer-at-contour-software-4169756057?position=34&pageNum=0&refId=v0ZNzHWQrmNcSjQ%2FCVARuw%3D%3D&trackingId=84BXWX%2FHCWE27%2B0%2FQXXBIw%3D%3D
Associate Software Engineer- Data Engineer,Devsinc,"Islamabad, Islāmābād, Pakistan",1 month ago,https://www.linkedin.comhttps://pk.linkedin.com/jobs/view/associate-software-engineer-data-engineer-at-devsinc-4224353461?position=35&pageNum=0&refId=v0ZNzHWQrmNcSjQ%2FCVARuw%3D%3D&trackingId=dy%2BxBgtpXe81lk%2B44GbI0Q%3D%3D
Full-Stack Developer - Dot Net & Angular,Hul Hub Pakistan,"Karachi Division, Sindh, Pakistan",7 months ago,https://www.linkedin.comhttps://pk.linkedin.com/jobs/view/full-stack-developer-dot-net-angular-at-hul-hub-pakistan-4038905000?position=36&pageNum=0&refId=v0ZNzHWQrmNcSjQ%2FCVARuw%3D%3D&trackingId=QwFVJIOzMNFjcz1w5waxJw%3D%3D
Full Stack Developer,Retailo Technologies,"Islamabad, Islāmābād, Pakistan",1 month ago,https://www.linkedin.comhttps://pk.linkedin.com/jobs/view/full-stack-developer-at-retailo-technologies-4213525301?position=37&pageNum=0&refId=v0ZNzHWQrmNcSjQ%2FCVARuw%3D%3D&trackingId=mDNL4%2FGmcgGMyPArJZ0ztw%3D%3D
Software Engineer-Python/Django,Devsinc,"Lahore, Punjab, Pakistan",1 month ago,https://www.linkedin.comhttps://pk.linkedin.com/jobs/view/software-engineer-python-django-at-devsinc-4225515153?position=38&pageNum=0&refId=v0ZNzHWQrmNcSjQ%2FCVARuw%3D%3D&trackingId=DR7o%2B07yaD1bbeC8are9xA%3D%3D
"Front-End Developer (React.js) - 0519 - Lahore, Pakistan",Bionic Talent,"Lahore, Punjab, Pakistan",1 week ago,https://www.linkedin.comhttps://pk.linkedin.com/jobs/view/front-end-developer-react-js-0519-lahore-pakistan-at-bionic-talent-4229584676?position=39&pageNum=0&refId=v0ZNzHWQrmNcSjQ%2FCVARuw%3D%3D&trackingId=I%2BMdACnIXsPtznLXm5RAzA%3D%3D
Mobile Application Developer (Fresh),Dubizzle Labs,"Lahore, Punjab, Pakistan",6 days ago,https://www.linkedin.comhttps://pk.linkedin.com/jobs/view/mobile-application-developer-fresh-at-dubizzle-labs-4161097902?position=40&pageNum=0&refId=v0ZNzHWQrmNcSjQ%2FCVARuw%3D%3D&trackingId=G950KKyvRTv3bGuaIA%2FQrA%3D%3D
web developer,Reamarc.io,"Rawalpindi, Punjab, Pakistan",1 month ago,https://www.linkedin.comhttps://pk.linkedin.com/jobs/view/web-developer-at-reamarc-io-4203653513?position=41&pageNum=0&refId=v0ZNzHWQrmNcSjQ%2FCVARuw%3D%3D&trackingId=7xnzjh%2BSy%2BYk2X%2BDcnCKyQ%3D%3D
Full Stack Web Developer,S&P Global,"Islamabad, Islāmābād, Pakistan",1 week ago,https://www.linkedin.comhttps://pk.linkedin.com/jobs/view/full-stack-web-developer-at-s-p-global-4227693498?position=42&pageNum=0&refId=v0ZNzHWQrmNcSjQ%2FCVARuw%3D%3D&trackingId=CISac66lFMeIYnyIdOgvsA%3D%3D
Associate Software Engineer - AI/ML,Devsinc,"Lahore, Punjab, Pakistan",1 month ago,https://www.linkedin.comhttps://pk.linkedin.com/jobs/view/associate-software-engineer-ai-ml-at-devsinc-4225512763?position=43&pageNum=0&refId=v0ZNzHWQrmNcSjQ%2FCVARuw%3D%3D&trackingId=VrIgAZWw9kRtgCpW%2BF94MQ%3D%3D
Associate Software Engineer- AI/ML,Devsinc,"Islamabad, Islāmābād, Pakistan",1 month ago,https://www.linkedin.comhttps://pk.linkedin.com/jobs/view/associate-software-engineer-ai-ml-at-devsinc-4224365086?position=44&pageNum=0&refId=v0ZNzHWQrmNcSjQ%2FCVARuw%3D%3D&trackingId=WY0rOTsU6N4vLmX3mPdQww%3D%3D
Software Engineer,Kodifly,"Islamabad, Islāmābād, Pakistan",3 weeks ago,https://www.linkedin.comhttps://pk.linkedin.com/jobs/view/software-engineer-at-kodifly-4217323207?position=45&pageNum=0&refId=v0ZNzHWQrmNcSjQ%2FCVARuw%3D%3D&trackingId=inM1%2Fupbrc7mxRWiepiyFg%3D%3D
Laravel Developer,Hybrid Mediaworks,"Islamabad, Islāmābād, Pakistan",2 weeks ago,https://www.linkedin.comhttps://pk.linkedin.com/jobs/view/laravel-developer-at-hybrid-mediaworks-4223382210?position=46&pageNum=0&refId=v0ZNzHWQrmNcSjQ%2FCVARuw%3D%3D&trackingId=7FhiJ8lvLPk%2Fau5yFVwwnw%3D%3D
"Java Developer - Spring Boot (Onsite, Karachi, PKR Salary)",HR POD Careers,"Karāchi, Sindh, Pakistan",2 days ago,https://www.linkedin.comhttps://pk.linkedin.com/jobs/view/java-developer-spring-boot-onsite-karachi-pkr-salary-at-hr-pod-careers-4232637065?position=47&pageNum=0&refId=v0ZNzHWQrmNcSjQ%2FCVARuw%3D%3D&trackingId=ouilp4Iiv2R1uaqh%2BResGA%3D%3D
Software Engineer,Enghouse Interactive,"Lahore, Punjab, Pakistan",3 days ago,https://www.linkedin.comhttps://pk.linkedin.com/jobs/view/software-engineer-at-enghouse-interactive-4123199496?position=48&pageNum=0&refId=v0ZNzHWQrmNcSjQ%2FCVARuw%3D%3D&trackingId=ssVohAZpkCR3lgAcTLunYQ%3D%3D
Associate Software Engineer - Data Science,Devsinc,"Islamabad, Islāmābād, Pakistan",1 month ago,https://www.linkedin.comhttps://pk.linkedin.com/jobs/view/associate-software-engineer-data-science-at-devsinc-4225513653?position=49&pageNum=0&refId=v0ZNzHWQrmNcSjQ%2FCVARuw%3D%3D&trackingId=3vThoxkhORiBSAozYeDfyg%3D%3D
Software Engineer- ROR,Devsinc,"Lahore, Punjab, Pakistan",1 month ago,https://www.linkedin.comhttps://pk.linkedin.com/jobs/view/software-engineer-ror-at-devsinc-4225509882?position=50&pageNum=0&refId=v0ZNzHWQrmNcSjQ%2FCVARuw%3D%3D&trackingId=86kSxkK7Xdwix69QMX%2FMaQ%3D%3D
Associate Software Engineer .Net,Devsinc,"Lahore, Punjab, Pakistan",1 month ago,https://www.linkedin.comhttps://pk.linkedin.com/jobs/view/associate-software-engineer-net-at-devsinc-4225513700?position=51&pageNum=0&refId=v0ZNzHWQrmNcSjQ%2FCVARuw%3D%3D&trackingId=%2BxD6YfK%2BAh9NCbmnYMLP2g%3D%3D
Backend Developer/Node.js Developer,Mob Inspire,"Rawalpindi, Punjab, Pakistan",4 months ago,https://www.linkedin.comhttps://pk.linkedin.com/jobs/view/backend-developer-node-js-developer-at-mob-inspire-4114665576?position=52&pageNum=0&refId=v0ZNzHWQrmNcSjQ%2FCVARuw%3D%3D&trackingId=Y14tB6HwIEL2CwcyrbyvMg%3D%3D
Junior .NET Developer,Convo,"Islamabad, Islāmābād, Pakistan",3 days ago,https://www.linkedin.comhttps://pk.linkedin.com/jobs/view/junior-net-developer-at-convo-4234206905?position=53&pageNum=0&refId=v0ZNzHWQrmNcSjQ%2FCVARuw%3D%3D&trackingId=lwl1J98tVSiW6oRh3xWnxQ%3D%3D
Software Engineer - .Net,Confiz,"Karachi Division, Sindh, Pakistan",1 month ago,https://www.linkedin.comhttps://pk.linkedin.com/jobs/view/software-engineer-net-at-confiz-4210575053?position=54&pageNum=0&refId=v0ZNzHWQrmNcSjQ%2FCVARuw%3D%3D&trackingId=KUF7gDpvn2We%2FZG6jfCjhA%3D%3D
Associate Software Engineer - Data Science,Devsinc,"Lahore, Punjab, Pakistan",1 month ago,https://www.linkedin.comhttps://pk.linkedin.com/jobs/view/associate-software-engineer-data-science-at-devsinc-4225512752?position=55&pageNum=0&refId=v0ZNzHWQrmNcSjQ%2FCVARuw%3D%3D&trackingId=04gNFp8Y7SjP1X6pmIJP9Q%3D%3D
Software Developer,Contour Software,"Islamabad, Islāmābād, Pakistan",1 month ago,https://www.linkedin.comhttps://pk.linkedin.com/jobs/view/software-developer-at-contour-software-4215341892?position=56&pageNum=0&refId=v0ZNzHWQrmNcSjQ%2FCVARuw%3D%3D&trackingId=A%2FAQuIDq%2BD3aVLAsoRxfNw%3D%3D
Full Stack Developer,Contour Software,"Karāchi, Sindh, Pakistan",7 months ago,https://www.linkedin.comhttps://pk.linkedin.com/jobs/view/full-stack-developer-at-contour-software-4055840467?position=57&pageNum=0&refId=v0ZNzHWQrmNcSjQ%2FCVARuw%3D%3D&trackingId=apN%2BEGN6dBqMvLBTe9nj6g%3D%3D
Interested in joining our team?,Motive,Pakistan,1 week ago,https://www.linkedin.comhttps://pk.linkedin.com/jobs/view/interested-in-joining-our-team%3F-at-motive-4151730187?position=58&pageNum=0&refId=v0ZNzHWQrmNcSjQ%2FCVARuw%3D%3D&trackingId=EY6ASSTuRRYXPJd17jBBtA%3D%3D
React JS Developer,PieCyfer,"Lahore, Punjab, Pakistan",3 months ago,https://www.linkedin.comhttps://pk.linkedin.com/jobs/view/react-js-developer-at-piecyfer-4152290646?position=59&pageNum=0&refId=v0ZNzHWQrmNcSjQ%2FCVARuw%3D%3D&trackingId=E9vO6UMDceD739lnQ4KYjA%3D%3D
Laravel Developer,SoftSquare,"Lahore, Punjab, Pakistan",4 months ago,https://www.linkedin.comhttps://pk.linkedin.com/jobs/view/laravel-developer-at-softsquare-4122544097?position=60&pageNum=0&refId=v0ZNzHWQrmNcSjQ%2FCVARuw%3D%3D&trackingId=Gqc19hUZN6rrD2Y7hqmZAw%3D%3D
Front-End Developer,Spiralyze,"Karāchi, Sindh, Pakistan",1 week ago,https://www.linkedin.comhttps://pk.linkedin.com/jobs/view/front-end-developer-at-spiralyze-4231383446?position=1&pageNum=0&refId=qwwW4DYNnplzt%2B6AEjvbRw%3D%3D&trackingId=WgIQ1MHPafUVq8R7sS6MFA%3D%3D
Front-end Developer in Karachi | Webnet Pakistan,Webnet Pakistan Pvt Ltd,"Karāchi, Sindh, Pakistan",2 months ago,https://www.linkedin.comhttps://pk.linkedin.com/jobs/view/front-end-developer-in-karachi-webnet-pakistan-at-webnet-pakistan-pvt-ltd-4209632994?position=2&pageNum=0&refId=qwwW4DYNnplzt%2B6AEjvbRw%3D%3D&trackingId=ibTV6zWreqG86P5aUkuh1w%3D%3D
Junior/Mid Level Backend Developer,Esevel,"Karāchi, Sindh, Pakistan",1 year ago,https://www.linkedin.comhttps://pk.linkedin.com/jobs/view/junior-mid-level-backend-developer-at-esevel-3917040092?position=3&pageNum=0&refId=qwwW4DYNnplzt%2B6AEjvbRw%3D%3D&trackingId=lIVGvLvQLBlDMbduy8lyJA%3D%3D
Front-End Developer,Spiralyze,"Lahore, Punjab, Pakistan",3 weeks ago,https://www.linkedin.comhttps://pk.linkedin.com/jobs/view/front-end-developer-at-spiralyze-4223951591?position=4&pageNum=0&refId=qwwW4DYNnplzt%2B6AEjvbRw%3D%3D&trackingId=vrPjDyHAr%2BpKMn1Hor697Q%3D%3D
Associate Software Engineer - Open Stack,Devsinc,"Lahore, Punjab, Pakistan",4 weeks ago,https://www.linkedin.comhttps://pk.linkedin.com/jobs/view/associate-software-engineer-open-stack-at-devsinc-4228906471?position=5&pageNum=0&refId=qwwW4DYNnplzt%2B6AEjvbRw%3D%3D&trackingId=3ivbU0DdgIf4iT%2BA7R3bqA%3D%3D
Associate Software Engineer,Dubizzle Labs,"Lahore, Punjab, Pakistan",1 week ago,https://www.linkedin.comhttps://pk.linkedin.com/jobs/view/associate-software-engineer-at-dubizzle-labs-4161098980?position=6&pageNum=0&refId=qwwW4DYNnplzt%2B6AEjvbRw%3D%3D&trackingId=zWtMnTrtIqQZ2vCh%2BEu0ZA%3D%3D
Associate Software Engineer- Unity,Devsinc,"Lahore, Punjab, Pakistan",1 month ago,https://www.linkedin.comhttps://pk.linkedin.com/jobs/view/associate-software-engineer-unity-at-devsinc-4225515121?position=7&pageNum=0&refId=qwwW4DYNnplzt%2B6AEjvbRw%3D%3D&trackingId=Sfp%2BVkLkeEvV3aP6phOwrw%3D%3D
Front-end Developer,ibex,"Karāchi, Sindh, Pakistan",2 days ago,https://www.linkedin.comhttps://pk.linkedin.com/jobs/view/front-end-developer-at-ibex-4233294655?position=8&pageNum=0&refId=qwwW4DYNnplzt%2B6AEjvbRw%3D%3D&trackingId=h37PkWiifGjafnNGLecDyg%3D%3D
Software Engineer - Fresh - 2024/25,Arkhitech,"Islamabad, Islāmābād, Pakistan",2 months ago,https://www.linkedin.comhttps://pk.linkedin.com/jobs/view/software-engineer-fresh-2024-25-at-arkhitech-4174197865?position=9&pageNum=0&refId=qwwW4DYNnplzt%2B6AEjvbRw%3D%3D&trackingId=JDNF9HAv6IghkH1qENDyzg%3D%3D
Software Engineer- MERN,Devsinc,"Islamabad, Islāmābād, Pakistan",1 month ago,https://www.linkedin.comhttps://pk.linkedin.com/jobs/view/software-engineer-mern-at-devsinc-4225510732?position=10&pageNum=0&refId=qwwW4DYNnplzt%2B6AEjvbRw%3D%3D&trackingId=UZxHTA6DaKBp%2FtwUCPu23A%3D%3D
Software Engineer - Fresh - 2024/25,Arkhitech,"Lahore, Punjab, Pakistan",2 months ago,https://www.linkedin.comhttps://pk.linkedin.com/jobs/view/software-engineer-fresh-2024-25-at-arkhitech-4174195910?position=11&pageNum=0&refId=qwwW4DYNnplzt%2B6AEjvbRw%3D%3D&trackingId=ojHAKbHwHW%2FMbhwMCwlVJw%3D%3D
Software Engineer- NodeJs,Devsinc,"Lahore, Punjab, Pakistan",1 month ago,https://www.linkedin.comhttps://pk.linkedin.com/jobs/view/software-engineer-nodejs-at-devsinc-4225515068?position=12&pageNum=0&refId=qwwW4DYNnplzt%2B6AEjvbRw%3D%3D&trackingId=%2BN7YgE89nxXthZMux%2BHvJQ%3D%3D
Junior Frontend Developer,Convo,"Islamabad, Islāmābād, Pakistan",3 days ago,https://www.linkedin.comhttps://pk.linkedin.com/jobs/view/junior-frontend-developer-at-convo-4234213961?position=13&pageNum=0&refId=qwwW4DYNnplzt%2B6AEjvbRw%3D%3D&trackingId=URgXN8%2BCMB0s5nKTHozB6Q%3D%3D
Software Engineer - Backend,Motive,Pakistan,1 week ago,https://www.linkedin.comhttps://pk.linkedin.com/jobs/view/software-engineer-backend-at-motive-3771699267?position=14&pageNum=0&refId=qwwW4DYNnplzt%2B6AEjvbRw%3D%3D&trackingId=%2FVlKPkHOnJa4yKBLgkfj0w%3D%3D
Associate Software Engineer - PHP Laravel,Devsinc,"Lahore, Punjab, Pakistan",1 week ago,https://www.linkedin.comhttps://pk.linkedin.com/jobs/view/associate-software-engineer-php-laravel-at-devsinc-4228296518?position=15&pageNum=0&refId=qwwW4DYNnplzt%2B6AEjvbRw%3D%3D&trackingId=zil73ezKoMvEw6PVlcmd9g%3D%3D
Software Engineer - Laravel,Dubizzle Labs,"Lahore, Punjab, Pakistan",6 days ago,https://www.linkedin.comhttps://pk.linkedin.com/jobs/view/software-engineer-laravel-at-dubizzle-labs-4161099904?position=16&pageNum=0&refId=qwwW4DYNnplzt%2B6AEjvbRw%3D%3D&trackingId=blQ6JPmBWGW0bLzAyMRm7A%3D%3D
Software Engineer - Node JS,Dubizzle Labs,"Lahore, Punjab, Pakistan",4 days ago,https://www.linkedin.comhttps://pk.linkedin.com/jobs/view/software-engineer-node-js-at-dubizzle-labs-4183350921?position=17&pageNum=0&refId=qwwW4DYNnplzt%2B6AEjvbRw%3D%3D&trackingId=kqUzmhAkuQGS%2F7fi2%2Fe6CA%3D%3D
MERN Stack Developer,Devsinc,"Lahore, Punjab, Pakistan",2 weeks ago,https://www.linkedin.comhttps://pk.linkedin.com/jobs/view/mern-stack-developer-at-devsinc-4224378171?position=18&pageNum=0&refId=qwwW4DYNnplzt%2B6AEjvbRw%3D%3D&trackingId=ZA1aLPbQES26eV5t44W1jA%3D%3D
Associate Software Engineer- Python,Devsinc,"Islamabad, Islāmābād, Pakistan",1 month ago,https://www.linkedin.comhttps://pk.linkedin.com/jobs/view/associate-software-engineer-python-at-devsinc-4224348987?position=19&pageNum=0&refId=qwwW4DYNnplzt%2B6AEjvbRw%3D%3D&trackingId=YdQvM068VEcEXSaLph2K1g%3D%3D
Associate Software Engineer - MERN,Devsinc,"Islamabad, Islāmābād, Pakistan",1 month ago,https://www.linkedin.comhttps://pk.linkedin.com/jobs/view/associate-software-engineer-mern-at-devsinc-4225509741?position=20&pageNum=0&refId=qwwW4DYNnplzt%2B6AEjvbRw%3D%3D&trackingId=shqvhZThOmmpUpYSioz1eA%3D%3D
"Front-End Developer (React.js) - 0519 - Islamabad, Pakistan",Bionic Talent,"Islamabad, Islāmābād, Pakistan",1 week ago,https://www.linkedin.comhttps://pk.linkedin.com/jobs/view/front-end-developer-react-js-0519-islamabad-pakistan-at-bionic-talent-4229588208?position=21&pageNum=0&refId=qwwW4DYNnplzt%2B6AEjvbRw%3D%3D&trackingId=mMrRKoIN7SyVq3r%2Fw8VQxQ%3D%3D
Associate Software Engineer- MERN,Devsinc,"Islamabad, Islāmābād, Pakistan",3 weeks ago,https://www.linkedin.comhttps://pk.linkedin.com/jobs/view/associate-software-engineer-mern-at-devsinc-4225515128?position=22&pageNum=0&refId=qwwW4DYNnplzt%2B6AEjvbRw%3D%3D&trackingId=QJG%2FQaiNbnHWrkOG79PsJg%3D%3D
"Fullstack Developer (Onsite, Lahore, PKR Salary)",HR POD Careers,"Lahore, Punjab, Pakistan",2 months ago,https://www.linkedin.comhttps://pk.linkedin.com/jobs/view/fullstack-developer-onsite-lahore-pkr-salary-at-hr-pod-careers-4177831815?position=23&pageNum=0&refId=qwwW4DYNnplzt%2B6AEjvbRw%3D%3D&trackingId=FdF9xCPqZPhTnJtzcH3eWQ%3D%3D
Full Stack Web Developer,S&P Global,"Islamabad, Islāmābād, Pakistan",1 week ago,https://www.linkedin.comhttps://pk.linkedin.com/jobs/view/full-stack-web-developer-at-s-p-global-4225840623?position=24&pageNum=0&refId=qwwW4DYNnplzt%2B6AEjvbRw%3D%3D&trackingId=nxD8OVEFwO5AcA3%2F2YEQ%2Fg%3D%3D
"Front-End Developer (React.js) - 0519 - Karachi, Pakistan",Bionic Talent,"Karāchi, Sindh, Pakistan",1 week ago,https://www.linkedin.comhttps://pk.linkedin.com/jobs/view/front-end-developer-react-js-0519-karachi-pakistan-at-bionic-talent-4229586336?position=25&pageNum=0&refId=qwwW4DYNnplzt%2B6AEjvbRw%3D%3D&trackingId=8BLBDsnKJ6juxRE3lfJQOA%3D%3D
Associate Software Engineer- Python/ React,Devsinc,"Lahore, Punjab, Pakistan",1 month ago,https://www.linkedin.comhttps://pk.linkedin.com/jobs/view/associate-software-engineer-python-react-at-devsinc-4225198768?position=26&pageNum=0&refId=qwwW4DYNnplzt%2B6AEjvbRw%3D%3D&trackingId=NbeSVakCojZ1Ayk5RJpe1g%3D%3D
Software Engineer,hashpotato,"Karachi Division, Sindh, Pakistan",3 months ago,https://www.linkedin.comhttps://pk.linkedin.com/jobs/view/software-engineer-at-hashpotato-4152811509?position=27&pageNum=0&refId=qwwW4DYNnplzt%2B6AEjvbRw%3D%3D&trackingId=foiR9lQhIML%2FdhPVowAgrQ%3D%3D
Back-End API Developer,Frontline Data Solutions,Pakistan,2 weeks ago,https://www.linkedin.comhttps://pk.linkedin.com/jobs/view/back-end-api-developer-at-frontline-data-solutions-4224310382?position=28&pageNum=0&refId=qwwW4DYNnplzt%2B6AEjvbRw%3D%3D&trackingId=0x3Gft5VCaMOjc%2BaWAMH0Q%3D%3D
Application Developer,Crescent Steel and Allied Products Limited,"Karāchi, Sindh, Pakistan",2 months ago,https://www.linkedin.comhttps://pk.linkedin.com/jobs/view/application-developer-at-crescent-steel-and-allied-products-limited-4185911350?position=29&pageNum=0&refId=qwwW4DYNnplzt%2B6AEjvbRw%3D%3D&trackingId=4XsCav5nU7stKRY1tepcuQ%3D%3D
Intermediate Full-Stack Software Developer,LetHub,"Karāchi, Sindh, Pakistan",5 months ago,https://www.linkedin.comhttps://pk.linkedin.com/jobs/view/intermediate-full-stack-software-developer-at-lethub-4118869500?position=30&pageNum=0&refId=qwwW4DYNnplzt%2B6AEjvbRw%3D%3D&trackingId=TUMje3bNzF%2FaSB3Dfc0DpA%3D%3D
Full Stack Developer,PakWheels.com,"Lahore, Punjab, Pakistan",7 months ago,https://www.linkedin.comhttps://pk.linkedin.com/jobs/view/full-stack-developer-at-pakwheels-com-4045499280?position=31&pageNum=0&refId=qwwW4DYNnplzt%2B6AEjvbRw%3D%3D&trackingId=SijyTBOnH8sLPB2uLJGRFQ%3D%3D
Unity Game Developer,Devsinc,"Lahore, Punjab, Pakistan",4 days ago,https://www.linkedin.comhttps://pk.linkedin.com/jobs/view/unity-game-developer-at-devsinc-4233372244?position=32&pageNum=0&refId=qwwW4DYNnplzt%2B6AEjvbRw%3D%3D&trackingId=mfMbSmAbnxNfyPSQYJoz5g%3D%3D
"Engineer, Application Development",S&P Global,"Islamabad, Islāmābād, Pakistan",1 day ago,https://www.linkedin.comhttps://pk.linkedin.com/jobs/view/engineer-application-development-at-s-p-global-4164117051?position=33&pageNum=0&refId=qwwW4DYNnplzt%2B6AEjvbRw%3D%3D&trackingId=Zp1Nu%2BofljLDI13YCKXKrA%3D%3D
Software Developer,Contour Software,"Karāchi, Sindh, Pakistan",2 months ago,https://www.linkedin.comhttps://pk.linkedin.com/jobs/view/software-developer-at-contour-software-4169756057?position=34&pageNum=0&refId=qwwW4DYNnplzt%2B6AEjvbRw%3D%3D&trackingId=6m9f6eWdnDhXToheSbkKtA%3D%3D
Associate Software Engineer- Data Engineer,Devsinc,"Islamabad, Islāmābād, Pakistan",1 month ago,https://www.linkedin.comhttps://pk.linkedin.com/jobs/view/associate-software-engineer-data-engineer-at-devsinc-4224353461?position=35&pageNum=0&refId=qwwW4DYNnplzt%2B6AEjvbRw%3D%3D&trackingId=UJfFrmrowqpTcopT9dOnSw%3D%3D
Full-Stack Developer - Dot Net & Angular,Hul Hub Pakistan,"Karachi Division, Sindh, Pakistan",7 months ago,https://www.linkedin.comhttps://pk.linkedin.com/jobs/view/full-stack-developer-dot-net-angular-at-hul-hub-pakistan-4038905000?position=36&pageNum=0&refId=qwwW4DYNnplzt%2B6AEjvbRw%3D%3D&trackingId=1hqCk3ELAKa6yQg4swObrw%3D%3D
Full Stack Developer,Retailo Technologies,"Islamabad, Islāmābād, Pakistan",1 month ago,https://www.linkedin.comhttps://pk.linkedin.com/jobs/view/full-stack-developer-at-retailo-technologies-4213525301?position=37&pageNum=0&refId=qwwW4DYNnplzt%2B6AEjvbRw%3D%3D&trackingId=%2B4ZwMsaZNsWMz9Nl72dbaQ%3D%3D
Software Engineer-Python/Django,Devsinc,"Lahore, Punjab, Pakistan",1 month ago,https://www.linkedin.comhttps://pk.linkedin.com/jobs/view/software-engineer-python-django-at-devsinc-4225515153?position=38&pageNum=0&refId=qwwW4DYNnplzt%2B6AEjvbRw%3D%3D&trackingId=142%2FtqKF5jntM3XoWpzHVw%3D%3D
"Front-End Developer (React.js) - 0519 - Lahore, Pakistan",Bionic Talent,"Lahore, Punjab, Pakistan",1 week ago,https://www.linkedin.comhttps://pk.linkedin.com/jobs/view/front-end-developer-react-js-0519-lahore-pakistan-at-bionic-talent-4229584676?position=39&pageNum=0&refId=qwwW4DYNnplzt%2B6AEjvbRw%3D%3D&trackingId=Sl8um19MUpeikz%2FGWMowJA%3D%3D
Mobile Application Developer (Fresh),Dubizzle Labs,"Lahore, Punjab, Pakistan",6 days ago,https://www.linkedin.comhttps://pk.linkedin.com/jobs/view/mobile-application-developer-fresh-at-dubizzle-labs-4161097902?position=40&pageNum=0&refId=qwwW4DYNnplzt%2B6AEjvbRw%3D%3D&trackingId=f6VrO9foncpqnMiRspKkMA%3D%3D
web developer,Reamarc.io,"Rawalpindi, Punjab, Pakistan",1 month ago,https://www.linkedin.comhttps://pk.linkedin.com/jobs/view/web-developer-at-reamarc-io-4203653513?position=41&pageNum=0&refId=qwwW4DYNnplzt%2B6AEjvbRw%3D%3D&trackingId=rLZDIw7HheCc70Z9gNFRSQ%3D%3D
Full Stack Web Developer,S&P Global,"Islamabad, Islāmābād, Pakistan",1 week ago,https://www.linkedin.comhttps://pk.linkedin.com/jobs/view/full-stack-web-developer-at-s-p-global-4227693498?position=42&pageNum=0&refId=qwwW4DYNnplzt%2B6AEjvbRw%3D%3D&trackingId=2k1XiJQ%2FFIcwXF9oP01NuQ%3D%3D
Associate Software Engineer - AI/ML,Devsinc,"Lahore, Punjab, Pakistan",1 month ago,https://www.linkedin.comhttps://pk.linkedin.com/jobs/view/associate-software-engineer-ai-ml-at-devsinc-4225512763?position=43&pageNum=0&refId=qwwW4DYNnplzt%2B6AEjvbRw%3D%3D&trackingId=K8fw6neGoOeWGNLgqYomsg%3D%3D
Associate Software Engineer- AI/ML,Devsinc,"Islamabad, Islāmābād, Pakistan",1 month ago,https://www.linkedin.comhttps://pk.linkedin.com/jobs/view/associate-software-engineer-ai-ml-at-devsinc-4224365086?position=44&pageNum=0&refId=qwwW4DYNnplzt%2B6AEjvbRw%3D%3D&trackingId=1f%2FS2gXzdeLVaYf6RPaT9w%3D%3D
Software Engineer,Kodifly,"Islamabad, Islāmābād, Pakistan",3 weeks ago,https://www.linkedin.comhttps://pk.linkedin.com/jobs/view/software-engineer-at-kodifly-4217323207?position=45&pageNum=0&refId=qwwW4DYNnplzt%2B6AEjvbRw%3D%3D&trackingId=8bTamt2k5sYXVeikPKimtw%3D%3D
Laravel Developer,Hybrid Mediaworks,"Islamabad, Islāmābād, Pakistan",2 weeks ago,https://www.linkedin.comhttps://pk.linkedin.com/jobs/view/laravel-developer-at-hybrid-mediaworks-4223382210?position=46&pageNum=0&refId=qwwW4DYNnplzt%2B6AEjvbRw%3D%3D&trackingId=epdEs58kYY1%2FHbxD%2FeaNvg%3D%3D
"Java Developer - Spring Boot (Onsite, Karachi, PKR Salary)",HR POD Careers,"Karāchi, Sindh, Pakistan",2 days ago,https://www.linkedin.comhttps://pk.linkedin.com/jobs/view/java-developer-spring-boot-onsite-karachi-pkr-salary-at-hr-pod-careers-4232637065?position=47&pageNum=0&refId=qwwW4DYNnplzt%2B6AEjvbRw%3D%3D&trackingId=RLHFzu%2FayXsi9cqDhprRDg%3D%3D
Software Engineer,Enghouse Interactive,"Lahore, Punjab, Pakistan",3 days ago,https://www.linkedin.comhttps://pk.linkedin.com/jobs/view/software-engineer-at-enghouse-interactive-4123199496?position=48&pageNum=0&refId=qwwW4DYNnplzt%2B6AEjvbRw%3D%3D&trackingId=yo5B%2Fde%2FuYZsSz5EBmX1Bg%3D%3D
Associate Software Engineer - Data Science,Devsinc,"Islamabad, Islāmābād, Pakistan",1 month ago,https://www.linkedin.comhttps://pk.linkedin.com/jobs/view/associate-software-engineer-data-science-at-devsinc-4225513653?position=49&pageNum=0&refId=qwwW4DYNnplzt%2B6AEjvbRw%3D%3D&trackingId=GKx8fJ%2BjtekTZKJUAN%2BvYg%3D%3D
Software Engineer- ROR,Devsinc,"Lahore, Punjab, Pakistan",1 month ago,https://www.linkedin.comhttps://pk.linkedin.com/jobs/view/software-engineer-ror-at-devsinc-4225509882?position=50&pageNum=0&refId=qwwW4DYNnplzt%2B6AEjvbRw%3D%3D&trackingId=8G4N0tI825KFJlVFpSOFVA%3D%3D
Associate Software Engineer .Net,Devsinc,"Lahore, Punjab, Pakistan",1 month ago,https://www.linkedin.comhttps://pk.linkedin.com/jobs/view/associate-software-engineer-net-at-devsinc-4225513700?position=51&pageNum=0&refId=qwwW4DYNnplzt%2B6AEjvbRw%3D%3D&trackingId=qblafFWLVg%2BYMu1zav4%2FBQ%3D%3D
Backend Developer/Node.js Developer,Mob Inspire,"Rawalpindi, Punjab, Pakistan",4 months ago,https://www.linkedin.comhttps://pk.linkedin.com/jobs/view/backend-developer-node-js-developer-at-mob-inspire-4114665576?position=52&pageNum=0&refId=qwwW4DYNnplzt%2B6AEjvbRw%3D%3D&trackingId=wH742y7t4P2VxedD4X6U1g%3D%3D
Junior .NET Developer,Convo,"Islamabad, Islāmābād, Pakistan",3 days ago,https://www.linkedin.comhttps://pk.linkedin.com/jobs/view/junior-net-developer-at-convo-4234206905?position=53&pageNum=0&refId=qwwW4DYNnplzt%2B6AEjvbRw%3D%3D&trackingId=A%2FNJ%2FUFZeq%2BXJRMhD19BYQ%3D%3D
Software Engineer - .Net,Confiz,"Karachi Division, Sindh, Pakistan",1 month ago,https://www.linkedin.comhttps://pk.linkedin.com/jobs/view/software-engineer-net-at-confiz-4210575053?position=54&pageNum=0&refId=qwwW4DYNnplzt%2B6AEjvbRw%3D%3D&trackingId=MI7vx7uMeBKYp2BCJ9Xj1g%3D%3D
Associate Software Engineer - Data Science,Devsinc,"Lahore, Punjab, Pakistan",1 month ago,https://www.linkedin.comhttps://pk.linkedin.com/jobs/view/associate-software-engineer-data-science-at-devsinc-4225512752?position=55&pageNum=0&refId=qwwW4DYNnplzt%2B6AEjvbRw%3D%3D&trackingId=W4Oak5cyIboqM6MrYNOicA%3D%3D
Software Developer,Contour Software,"Islamabad, Islāmābād, Pakistan",1 month ago,https://www.linkedin.comhttps://pk.linkedin.com/jobs/view/software-developer-at-contour-software-4215341892?position=56&pageNum=0&refId=qwwW4DYNnplzt%2B6AEjvbRw%3D%3D&trackingId=ialTk609Ne%2FVWUaAHkvF6w%3D%3D
Full Stack Developer,Contour Software,"Karāchi, Sindh, Pakistan",7 months ago,https://www.linkedin.comhttps://pk.linkedin.com/jobs/view/full-stack-developer-at-contour-software-4055840467?position=57&pageNum=0&refId=qwwW4DYNnplzt%2B6AEjvbRw%3D%3D&trackingId=cMU14JjJt%2BYsb4g1SJt95w%3D%3D
Interested in joining our team?,Motive,Pakistan,1 week ago,https://www.linkedin.comhttps://pk.linkedin.com/jobs/view/interested-in-joining-our-team%3F-at-motive-4151730187?position=58&pageNum=0&refId=qwwW4DYNnplzt%2B6AEjvbRw%3D%3D&trackingId=yjNCahBqjrkES1gbHbWS8g%3D%3D
React JS Developer,PieCyfer,"Lahore, Punjab, Pakistan",3 months ago,https://www.linkedin.comhttps://pk.linkedin.com/jobs/view/react-js-developer-at-piecyfer-4152290646?position=59&pageNum=0&refId=qwwW4DYNnplzt%2B6AEjvbRw%3D%3D&trackingId=bLoTO%2BtdBa39h2x6ncFn%2Bw%3D%3D
Laravel Developer,SoftSquare,"Lahore, Punjab, Pakistan",4 months ago,https://www.linkedin.comhttps://pk.linkedin.com/jobs/view/laravel-developer-at-softsquare-4122544097?position=60&pageNum=0&refId=qwwW4DYNnplzt%2B6AEjvbRw%3D%3D&trackingId=Exx1AKjhSU8shFX%2BxcG0%2Bg%3D%3D
Front-End Developer,Spiralyze,"Karāchi, Sindh, Pakistan",1 week ago,https://www.linkedin.comhttps://pk.linkedin.com/jobs/view/front-end-developer-at-spiralyze-4231383446?position=1&pageNum=0&refId=2HfF1oo3%2F85t%2F5tyPAVGUA%3D%3D&trackingId=EhHZyiaT2soUgF5CHUD%2B7A%3D%3D
Front-end Developer in Karachi | Webnet Pakistan,Webnet Pakistan Pvt Ltd,"Karāchi, Sindh, Pakistan",2 months ago,https://www.linkedin.comhttps://pk.linkedin.com/jobs/view/front-end-developer-in-karachi-webnet-pakistan-at-webnet-pakistan-pvt-ltd-4209632994?position=2&pageNum=0&refId=2HfF1oo3%2F85t%2F5tyPAVGUA%3D%3D&trackingId=nmeeZ%2Bk3zTn1%2BFzYlnRfmg%3D%3D
Junior/Mid Level Backend Developer,Esevel,"Karāchi, Sindh, Pakistan",1 year ago,https://www.linkedin.comhttps://pk.linkedin.com/jobs/view/junior-mid-level-backend-developer-at-esevel-3917040092?position=3&pageNum=0&refId=2HfF1oo3%2F85t%2F5tyPAVGUA%3D%3D&trackingId=WDCmQIJlp%2BN8xBxnNqgzlQ%3D%3D
Front-End Developer,Spiralyze,"Lahore, Punjab, Pakistan",3 weeks ago,https://www.linkedin.comhttps://pk.linkedin.com/jobs/view/front-end-developer-at-spiralyze-4223951591?position=4&pageNum=0&refId=2HfF1oo3%2F85t%2F5tyPAVGUA%3D%3D&trackingId=cWyuiopE9APsm4aFwuvKvg%3D%3D
Associate Software Engineer - Open Stack,Devsinc,"Lahore, Punjab, Pakistan",4 weeks ago,https://www.linkedin.comhttps://pk.linkedin.com/jobs/view/associate-software-engineer-open-stack-at-devsinc-4228906471?position=5&pageNum=0&refId=2HfF1oo3%2F85t%2F5tyPAVGUA%3D%3D&trackingId=U8SSPagXpxTsei5JsO4T7w%3D%3D
Associate Software Engineer,Dubizzle Labs,"Lahore, Punjab, Pakistan",1 week ago,https://www.linkedin.comhttps://pk.linkedin.com/jobs/view/associate-software-engineer-at-dubizzle-labs-4161098980?position=6&pageNum=0&refId=2HfF1oo3%2F85t%2F5tyPAVGUA%3D%3D&trackingId=mFeIsyvQt%2F%2BnQMIh2Z5JYg%3D%3D
Associate Software Engineer- Unity,Devsinc,"Lahore, Punjab, Pakistan",1 month ago,https://www.linkedin.comhttps://pk.linkedin.com/jobs/view/associate-software-engineer-unity-at-devsinc-4225515121?position=7&pageNum=0&refId=2HfF1oo3%2F85t%2F5tyPAVGUA%3D%3D&trackingId=J%2F0uBwD55dgL7%2BpK72ycPA%3D%3D
Front-end Developer,ibex,"Karāchi, Sindh, Pakistan",2 days ago,https://www.linkedin.comhttps://pk.linkedin.com/jobs/view/front-end-developer-at-ibex-4233294655?position=8&pageNum=0&refId=2HfF1oo3%2F85t%2F5tyPAVGUA%3D%3D&trackingId=8xlB0C1HTYRPfILcO0eP0Q%3D%3D
Software Engineer - Fresh - 2024/25,Arkhitech,"Islamabad, Islāmābād, Pakistan",2 months ago,https://www.linkedin.comhttps://pk.linkedin.com/jobs/view/software-engineer-fresh-2024-25-at-arkhitech-4174197865?position=9&pageNum=0&refId=2HfF1oo3%2F85t%2F5tyPAVGUA%3D%3D&trackingId=No%2F2RjWgZxzbr9L3bX%2BSgQ%3D%3D
Software Engineer- MERN,Devsinc,"Islamabad, Islāmābād, Pakistan",1 month ago,https://www.linkedin.comhttps://pk.linkedin.com/jobs/view/software-engineer-mern-at-devsinc-4225510732?position=10&pageNum=0&refId=2HfF1oo3%2F85t%2F5tyPAVGUA%3D%3D&trackingId=pLvOL8cwcR03PTsz0XaD6g%3D%3D
Software Engineer - Fresh - 2024/25,Arkhitech,"Lahore, Punjab, Pakistan",2 months ago,https://www.linkedin.comhttps://pk.linkedin.com/jobs/view/software-engineer-fresh-2024-25-at-arkhitech-4174195910?position=11&pageNum=0&refId=2HfF1oo3%2F85t%2F5tyPAVGUA%3D%3D&trackingId=DuxlWF6BhV4jk8CThnLMxg%3D%3D
Software Engineer- NodeJs,Devsinc,"Lahore, Punjab, Pakistan",1 month ago,https://www.linkedin.comhttps://pk.linkedin.com/jobs/view/software-engineer-nodejs-at-devsinc-4225515068?position=12&pageNum=0&refId=2HfF1oo3%2F85t%2F5tyPAVGUA%3D%3D&trackingId=mhFdm5yzlT18Xji4UZiF5Q%3D%3D
Junior Frontend Developer,Convo,"Islamabad, Islāmābād, Pakistan",3 days ago,https://www.linkedin.comhttps://pk.linkedin.com/jobs/view/junior-frontend-developer-at-convo-4234213961?position=13&pageNum=0&refId=2HfF1oo3%2F85t%2F5tyPAVGUA%3D%3D&trackingId=SciJO2%2FkfT5fp0CiVJZyBw%3D%3D
Software Engineer - Backend,Motive,Pakistan,1 week ago,https://www.linkedin.comhttps://pk.linkedin.com/jobs/view/software-engineer-backend-at-motive-3771699267?position=14&pageNum=0&refId=2HfF1oo3%2F85t%2F5tyPAVGUA%3D%3D&trackingId=7jPAWJ%2Brx%2FLeLCm%2BY4FP1A%3D%3D
Associate Software Engineer - PHP Laravel,Devsinc,"Lahore, Punjab, Pakistan",1 week ago,https://www.linkedin.comhttps://pk.linkedin.com/jobs/view/associate-software-engineer-php-laravel-at-devsinc-4228296518?position=15&pageNum=0&refId=2HfF1oo3%2F85t%2F5tyPAVGUA%3D%3D&trackingId=iMpNah3MNTB%2BQjr6rg63%2Bw%3D%3D
Software Engineer - Laravel,Dubizzle Labs,"Lahore, Punjab, Pakistan",6 days ago,https://www.linkedin.comhttps://pk.linkedin.com/jobs/view/software-engineer-laravel-at-dubizzle-labs-4161099904?position=16&pageNum=0&refId=2HfF1oo3%2F85t%2F5tyPAVGUA%3D%3D&trackingId=FmUYquVpNIQod2JPlshIGw%3D%3D
Software Engineer - Node JS,Dubizzle Labs,"Lahore, Punjab, Pakistan",4 days ago,https://www.linkedin.comhttps://pk.linkedin.com/jobs/view/software-engineer-node-js-at-dubizzle-labs-4183350921?position=17&pageNum=0&refId=2HfF1oo3%2F85t%2F5tyPAVGUA%3D%3D&trackingId=DicMwsPIMLFVkg5rt%2BYuKw%3D%3D
MERN Stack Developer,Devsinc,"Lahore, Punjab, Pakistan",2 weeks ago,https://www.linkedin.comhttps://pk.linkedin.com/jobs/view/mern-stack-developer-at-devsinc-4224378171?position=18&pageNum=0&refId=2HfF1oo3%2F85t%2F5tyPAVGUA%3D%3D&trackingId=s7XdFyTyh8Xpx7ez4Ns%2BnA%3D%3D
Associate Software Engineer- Python,Devsinc,"Islamabad, Islāmābād, Pakistan",1 month ago,https://www.linkedin.comhttps://pk.linkedin.com/jobs/view/associate-software-engineer-python-at-devsinc-4224348987?position=19&pageNum=0&refId=2HfF1oo3%2F85t%2F5tyPAVGUA%3D%3D&trackingId=wRbblaWUwTC%2FmgyzcwQobg%3D%3D
Associate Software Engineer - MERN,Devsinc,"Islamabad, Islāmābād, Pakistan",1 month ago,https://www.linkedin.comhttps://pk.linkedin.com/jobs/view/associate-software-engineer-mern-at-devsinc-4225509741?position=20&pageNum=0&refId=2HfF1oo3%2F85t%2F5tyPAVGUA%3D%3D&trackingId=Pd45N5u9JIZ%2Fp4DD5E2oEw%3D%3D
"Front-End Developer (React.js) - 0519 - Islamabad, Pakistan",Bionic Talent,"Islamabad, Islāmābād, Pakistan",1 week ago,https://www.linkedin.comhttps://pk.linkedin.com/jobs/view/front-end-developer-react-js-0519-islamabad-pakistan-at-bionic-talent-4229588208?position=21&pageNum=0&refId=2HfF1oo3%2F85t%2F5tyPAVGUA%3D%3D&trackingId=WGgaG%2BrpHhsNi53GFFo8lg%3D%3D
Associate Software Engineer- MERN,Devsinc,"Islamabad, Islāmābād, Pakistan",3 weeks ago,https://www.linkedin.comhttps://pk.linkedin.com/jobs/view/associate-software-engineer-mern-at-devsinc-4225515128?position=22&pageNum=0&refId=2HfF1oo3%2F85t%2F5tyPAVGUA%3D%3D&trackingId=HvW%2BEv5H52PnZD4158b9Lw%3D%3D
"Fullstack Developer (Onsite, Lahore, PKR Salary)",HR POD Careers,"Lahore, Punjab, Pakistan",2 months ago,https://www.linkedin.comhttps://pk.linkedin.com/jobs/view/fullstack-developer-onsite-lahore-pkr-salary-at-hr-pod-careers-4177831815?position=23&pageNum=0&refId=2HfF1oo3%2F85t%2F5tyPAVGUA%3D%3D&trackingId=3i%2FIkNOif2NKz2oT2mRv2g%3D%3D
Full Stack Web Developer,S&P Global,"Islamabad, Islāmābād, Pakistan",1 week ago,https://www.linkedin.comhttps://pk.linkedin.com/jobs/view/full-stack-web-developer-at-s-p-global-4225840623?position=24&pageNum=0&refId=2HfF1oo3%2F85t%2F5tyPAVGUA%3D%3D&trackingId=SdpVOEKsu%2BRV%2Fd%2Fo9j7b%2Bg%3D%3D
"Front-End Developer (React.js) - 0519 - Karachi, Pakistan",Bionic Talent,"Karāchi, Sindh, Pakistan",1 week ago,https://www.linkedin.comhttps://pk.linkedin.com/jobs/view/front-end-developer-react-js-0519-karachi-pakistan-at-bionic-talent-4229586336?position=25&pageNum=0&refId=2HfF1oo3%2F85t%2F5tyPAVGUA%3D%3D&trackingId=Jvcdl%2FPsSJIVL3vOT9Odzg%3D%3D
Associate Software Engineer- Python/ React,Devsinc,"Lahore, Punjab, Pakistan",1 month ago,https://www.linkedin.comhttps://pk.linkedin.com/jobs/view/associate-software-engineer-python-react-at-devsinc-4225198768?position=26&pageNum=0&refId=2HfF1oo3%2F85t%2F5tyPAVGUA%3D%3D&trackingId=MGVvXOvnVrvkQQYaNq6xBw%3D%3D
Software Engineer,hashpotato,"Karachi Division, Sindh, Pakistan",3 months ago,https://www.linkedin.comhttps://pk.linkedin.com/jobs/view/software-engineer-at-hashpotato-4152811509?position=27&pageNum=0&refId=2HfF1oo3%2F85t%2F5tyPAVGUA%3D%3D&trackingId=ZyHxPOlRWMkBpmbcxrBd2w%3D%3D
Back-End API Developer,Frontline Data Solutions,Pakistan,2 weeks ago,https://www.linkedin.comhttps://pk.linkedin.com/jobs/view/back-end-api-developer-at-frontline-data-solutions-4224310382?position=28&pageNum=0&refId=2HfF1oo3%2F85t%2F5tyPAVGUA%3D%3D&trackingId=4Z6Uk%2FTOG1jKECaG0rJVLg%3D%3D
Application Developer,Crescent Steel and Allied Products Limited,"Karāchi, Sindh, Pakistan",2 months ago,https://www.linkedin.comhttps://pk.linkedin.com/jobs/view/application-developer-at-crescent-steel-and-allied-products-limited-4185911350?position=29&pageNum=0&refId=2HfF1oo3%2F85t%2F5tyPAVGUA%3D%3D&trackingId=M5vrN6d1rD3wkKB9brMv6Q%3D%3D
Intermediate Full-Stack Software Developer,LetHub,"Karāchi, Sindh, Pakistan",5 months ago,https://www.linkedin.comhttps://pk.linkedin.com/jobs/view/intermediate-full-stack-software-developer-at-lethub-4118869500?position=30&pageNum=0&refId=2HfF1oo3%2F85t%2F5tyPAVGUA%3D%3D&trackingId=ObA6RB4hVl1EUBt1dNKoMA%3D%3D
Full Stack Developer,PakWheels.com,"Lahore, Punjab, Pakistan",7 months ago,https://www.linkedin.comhttps://pk.linkedin.com/jobs/view/full-stack-developer-at-pakwheels-com-4045499280?position=31&pageNum=0&refId=2HfF1oo3%2F85t%2F5tyPAVGUA%3D%3D&trackingId=xDcQ6Z7vB5CMpZRFeWzp6g%3D%3D
Unity Game Developer,Devsinc,"Lahore, Punjab, Pakistan",4 days ago,https://www.linkedin.comhttps://pk.linkedin.com/jobs/view/unity-game-developer-at-devsinc-4233372244?position=32&pageNum=0&refId=2HfF1oo3%2F85t%2F5tyPAVGUA%3D%3D&trackingId=elDlkCk6dCnRoZTRdPTzUg%3D%3D
"Engineer, Application Development",S&P Global,"Islamabad, Islāmābād, Pakistan",1 day ago,https://www.linkedin.comhttps://pk.linkedin.com/jobs/view/engineer-application-development-at-s-p-global-4164117051?position=33&pageNum=0&refId=2HfF1oo3%2F85t%2F5tyPAVGUA%3D%3D&trackingId=9dW5FKVXarEIbK9nc%2BKlCg%3D%3D
Software Developer,Contour Software,"Karāchi, Sindh, Pakistan",2 months ago,https://www.linkedin.comhttps://pk.linkedin.com/jobs/view/software-developer-at-contour-software-4169756057?position=34&pageNum=0&refId=2HfF1oo3%2F85t%2F5tyPAVGUA%3D%3D&trackingId=11Y3HhCC7%2Fn1Cp3iSDdewQ%3D%3D
Associate Software Engineer- Data Engineer,Devsinc,"Islamabad, Islāmābād, Pakistan",1 month ago,https://www.linkedin.comhttps://pk.linkedin.com/jobs/view/associate-software-engineer-data-engineer-at-devsinc-4224353461?position=35&pageNum=0&refId=2HfF1oo3%2F85t%2F5tyPAVGUA%3D%3D&trackingId=tzbyFGmRY69ZrmAcW1B2gg%3D%3D
Full-Stack Developer - Dot Net & Angular,Hul Hub Pakistan,"Karachi Division, Sindh, Pakistan",7 months ago,https://www.linkedin.comhttps://pk.linkedin.com/jobs/view/full-stack-developer-dot-net-angular-at-hul-hub-pakistan-4038905000?position=36&pageNum=0&refId=2HfF1oo3%2F85t%2F5tyPAVGUA%3D%3D&trackingId=sNdt6%2FEI4kIyqGzfMaI4dA%3D%3D
Full Stack Developer,Retailo Technologies,"Islamabad, Islāmābād, Pakistan",1 month ago,https://www.linkedin.comhttps://pk.linkedin.com/jobs/view/full-stack-developer-at-retailo-technologies-4213525301?position=37&pageNum=0&refId=2HfF1oo3%2F85t%2F5tyPAVGUA%3D%3D&trackingId=Vv57qkRXUNtjdqI5Gi4Nvg%3D%3D
Software Engineer-Python/Django,Devsinc,"Lahore, Punjab, Pakistan",1 month ago,https://www.linkedin.comhttps://pk.linkedin.com/jobs/view/software-engineer-python-django-at-devsinc-4225515153?position=38&pageNum=0&refId=2HfF1oo3%2F85t%2F5tyPAVGUA%3D%3D&trackingId=ZWl5HunSkq%2FQA%2ByaxvRUDQ%3D%3D
"Front-End Developer (React.js) - 0519 - Lahore, Pakistan",Bionic Talent,"Lahore, Punjab, Pakistan",1 week ago,https://www.linkedin.comhttps://pk.linkedin.com/jobs/view/front-end-developer-react-js-0519-lahore-pakistan-at-bionic-talent-4229584676?position=39&pageNum=0&refId=2HfF1oo3%2F85t%2F5tyPAVGUA%3D%3D&trackingId=69BCRbQF9pEM36EAlC4txA%3D%3D
Mobile Application Developer (Fresh),Dubizzle Labs,"Lahore, Punjab, Pakistan",6 days ago,https://www.linkedin.comhttps://pk.linkedin.com/jobs/view/mobile-application-developer-fresh-at-dubizzle-labs-4161097902?position=40&pageNum=0&refId=2HfF1oo3%2F85t%2F5tyPAVGUA%3D%3D&trackingId=KTvgMnwXwPx0xMLa5tYweg%3D%3D
web developer,Reamarc.io,"Rawalpindi, Punjab, Pakistan",1 month ago,https://www.linkedin.comhttps://pk.linkedin.com/jobs/view/web-developer-at-reamarc-io-4203653513?position=41&pageNum=0&refId=2HfF1oo3%2F85t%2F5tyPAVGUA%3D%3D&trackingId=dUMhvtkXBMlAIn8qyeXsxg%3D%3D
Full Stack Web Developer,S&P Global,"Islamabad, Islāmābād, Pakistan",1 week ago,https://www.linkedin.comhttps://pk.linkedin.com/jobs/view/full-stack-web-developer-at-s-p-global-4227693498?position=42&pageNum=0&refId=2HfF1oo3%2F85t%2F5tyPAVGUA%3D%3D&trackingId=twCQmcGB65Ee4dASHzhsmQ%3D%3D
Associate Software Engineer - AI/ML,Devsinc,"Lahore, Punjab, Pakistan",1 month ago,https://www.linkedin.comhttps://pk.linkedin.com/jobs/view/associate-software-engineer-ai-ml-at-devsinc-4225512763?position=43&pageNum=0&refId=2HfF1oo3%2F85t%2F5tyPAVGUA%3D%3D&trackingId=FrClVaceqClhuxkHCF98RQ%3D%3D
Associate Software Engineer- AI/ML,Devsinc,"Islamabad, Islāmābād, Pakistan",1 month ago,https://www.linkedin.comhttps://pk.linkedin.com/jobs/view/associate-software-engineer-ai-ml-at-devsinc-4224365086?position=44&pageNum=0&refId=2HfF1oo3%2F85t%2F5tyPAVGUA%3D%3D&trackingId=09KfwrM8sYYRdLHMP%2BnSvw%3D%3D
Software Engineer,Kodifly,"Islamabad, Islāmābād, Pakistan",3 weeks ago,https://www.linkedin.comhttps://pk.linkedin.com/jobs/view/software-engineer-at-kodifly-4217323207?position=45&pageNum=0&refId=2HfF1oo3%2F85t%2F5tyPAVGUA%3D%3D&trackingId=29%2BCAxB5VPx7nm%2BZdW6GXQ%3D%3D
Laravel Developer,Hybrid Mediaworks,"Islamabad, Islāmābād, Pakistan",2 weeks ago,https://www.linkedin.comhttps://pk.linkedin.com/jobs/view/laravel-developer-at-hybrid-mediaworks-4223382210?position=46&pageNum=0&refId=2HfF1oo3%2F85t%2F5tyPAVGUA%3D%3D&trackingId=jpH6dEcK4W0QOcer%2Bj2xqA%3D%3D
"Java Developer - Spring Boot (Onsite, Karachi, PKR Salary)",HR POD Careers,"Karāchi, Sindh, Pakistan",2 days ago,https://www.linkedin.comhttps://pk.linkedin.com/jobs/view/java-developer-spring-boot-onsite-karachi-pkr-salary-at-hr-pod-careers-4232637065?position=47&pageNum=0&refId=2HfF1oo3%2F85t%2F5tyPAVGUA%3D%3D&trackingId=UBp%2FW4OzJpTkVyS99ojgYQ%3D%3D
Software Engineer,Enghouse Interactive,"Lahore, Punjab, Pakistan",3 days ago,https://www.linkedin.comhttps://pk.linkedin.com/jobs/view/software-engineer-at-enghouse-interactive-4123199496?position=48&pageNum=0&refId=2HfF1oo3%2F85t%2F5tyPAVGUA%3D%3D&trackingId=N1g5uV32vCXMjJVrfq75Qg%3D%3D
Associate Software Engineer - Data Science,Devsinc,"Islamabad, Islāmābād, Pakistan",1 month ago,https://www.linkedin.comhttps://pk.linkedin.com/jobs/view/associate-software-engineer-data-science-at-devsinc-4225513653?position=49&pageNum=0&refId=2HfF1oo3%2F85t%2F5tyPAVGUA%3D%3D&trackingId=CzJH5Le8XNZxAAXtMki97w%3D%3D
Software Engineer- ROR,Devsinc,"Lahore, Punjab, Pakistan",1 month ago,https://www.linkedin.comhttps://pk.linkedin.com/jobs/view/software-engineer-ror-at-devsinc-4225509882?position=50&pageNum=0&refId=2HfF1oo3%2F85t%2F5tyPAVGUA%3D%3D&trackingId=WsptB%2Bt61GoEz54KTBKLoQ%3D%3D
Associate Software Engineer .Net,Devsinc,"Lahore, Punjab, Pakistan",1 month ago,https://www.linkedin.comhttps://pk.linkedin.com/jobs/view/associate-software-engineer-net-at-devsinc-4225513700?position=51&pageNum=0&refId=2HfF1oo3%2F85t%2F5tyPAVGUA%3D%3D&trackingId=wZWO1i4Ic%2BtV8EcQ0YmnCw%3D%3D
Backend Developer/Node.js Developer,Mob Inspire,"Rawalpindi, Punjab, Pakistan",4 months ago,https://www.linkedin.comhttps://pk.linkedin.com/jobs/view/backend-developer-node-js-developer-at-mob-inspire-4114665576?position=52&pageNum=0&refId=2HfF1oo3%2F85t%2F5tyPAVGUA%3D%3D&trackingId=VHkt4VwwlDlgckbc1Mxyfg%3D%3D
Junior .NET Developer,Convo,"Islamabad, Islāmābād, Pakistan",3 days ago,https://www.linkedin.comhttps://pk.linkedin.com/jobs/view/junior-net-developer-at-convo-4234206905?position=53&pageNum=0&refId=2HfF1oo3%2F85t%2F5tyPAVGUA%3D%3D&trackingId=lXxlfjv%2BqdYMrvbWGMJ3gQ%3D%3D
Software Engineer - .Net,Confiz,"Karachi Division, Sindh, Pakistan",1 month ago,https://www.linkedin.comhttps://pk.linkedin.com/jobs/view/software-engineer-net-at-confiz-4210575053?position=54&pageNum=0&refId=2HfF1oo3%2F85t%2F5tyPAVGUA%3D%3D&trackingId=YPAh2uYVwC%2BmUKoaOrUcMw%3D%3D
Associate Software Engineer - Data Science,Devsinc,"Lahore, Punjab, Pakistan",1 month ago,https://www.linkedin.comhttps://pk.linkedin.com/jobs/view/associate-software-engineer-data-science-at-devsinc-4225512752?position=55&pageNum=0&refId=2HfF1oo3%2F85t%2F5tyPAVGUA%3D%3D&trackingId=6WFbgwzeqMarU0FbJwnnUg%3D%3D
Software Developer,Contour Software,"Islamabad, Islāmābād, Pakistan",1 month ago,https://www.linkedin.comhttps://pk.linkedin.com/jobs/view/software-developer-at-contour-software-4215341892?position=56&pageNum=0&refId=2HfF1oo3%2F85t%2F5tyPAVGUA%3D%3D&trackingId=XdT0EB627ii6k0oEO3Vp4w%3D%3D
Full Stack Developer,Contour Software,"Karāchi, Sindh, Pakistan",7 months ago,https://www.linkedin.comhttps://pk.linkedin.com/jobs/view/full-stack-developer-at-contour-software-4055840467?position=57&pageNum=0&refId=2HfF1oo3%2F85t%2F5tyPAVGUA%3D%3D&trackingId=dTdPg86d%2B%2B3vGSJBNp%2Ff9w%3D%3D
Interested in joining our team?,Motive,Pakistan,1 week ago,https://www.linkedin.comhttps://pk.linkedin.com/jobs/view/interested-in-joining-our-team%3F-at-motive-4151730187?position=58&pageNum=0&refId=2HfF1oo3%2F85t%2F5tyPAVGUA%3D%3D&trackingId=PRpposnpgERqBJo0iAe2CQ%3D%3D
React JS Developer,PieCyfer,"Lahore, Punjab, Pakistan",3 months ago,https://www.linkedin.comhttps://pk.linkedin.com/jobs/view/react-js-developer-at-piecyfer-4152290646?position=59&pageNum=0&refId=2HfF1oo3%2F85t%2F5tyPAVGUA%3D%3D&trackingId=TzJe0d1Ba9SPiXV70sGtag%3D%3D
Laravel Developer,SoftSquare,"Lahore, Punjab, Pakistan",4 months ago,https://www.linkedin.comhttps://pk.linkedin.com/jobs/view/laravel-developer-at-softsquare-4122544097?position=60&pageNum=0&refId=2HfF1oo3%2F85t%2F5tyPAVGUA%3D%3D&trackingId=Kn%2FALEeK7uYTuw7er8uF1g%3D%3D
